Name,URL,Duration,UpdateInterval,StartOn,EndBy,Cache
Exhibit03,https://t1-cms-4.images.toyota-europe.com/toyotaone/sesv/toyota-gr-yaris-2020-gallery-01-full_tcm-3016-2070860.jpg,00:00:10,01:00:00,1/1/18 0:00,12/31/30 23:59,yes
Exhibit04,https://t1-cms-1.images.toyota-europe.com/toyotaone/sesv/toyota-gr-yaris-2020-gallery-02-full_tcm-3016-2070864.jpg,00:00:10,01:00:00,1/1/18 0:00,12/31/30 23:59,yes
Exhibit05,https://t1-cms-1.images.toyota-europe.com/toyotaone/sesv/toyota-gr-yaris-2020-gallery-03-full_tcm-3016-2070867.jpg,00:00:10,01:00:00,1/1/18 0:00,12/31/30 23:59,yes
Exhibit06,https://t1-cms-4.images.toyota-europe.com/toyotaone/sesv/toyota-gr-yaris-2020-gallery-04-full_tcm-3016-2070870.jpg,00:00:10,01:00:00,1/1/18 0:00,12/31/30 23:59,yes
Exhibit07,https://t1-cms-2.images.toyota-europe.com/toyotaone/sesv/toyota-gr-yaris-2020-gallery-05-full_tcm-3016-2070873.jpg,00:00:10,01:00:00,1/1/18 0:00,12/31/30 23:59,yes
Exhibit08,https://t1-cms-2.images.toyota-europe.com/toyotaone/sesv/toyota-gr-yaris-2020-gallery-06-full_tcm-3016-2070876.jpg,00:00:10,01:00:00,1/1/18 0:00,12/31/30 23:59,yes
Exhibit09,https://t1-cms-4.images.toyota-europe.com/toyotaone/sesv/toyota-gr-yaris-2020-gallery-07-full_tcm-3016-2070880.jpg,00:00:10,01:00:00,1/1/18 0:00,12/31/30 23:59,yes
Exhibit10,https://t1-cms-2.images.toyota-europe.com/toyotaone/sesv/toyota-gr-yaris-2020-gallery-08-full_tcm-3016-2070883.jpg,00:00:10,01:00:00,1/1/18 0:00,12/31/30 23:59,yes
Exhibit11,https://t1-cms-2.images.toyota-europe.com/toyotaone/sesv/toyota-gr-yaris-2020-gallery-09-full_tcm-3016-2070886.jpg,00:00:10,01:00:00,1/1/18 0:00,12/31/30 23:59,yes
Exhibit12,https://t1-cms-3.images.toyota-europe.com/toyotaone/sesv/toyota-gr-yaris-2020-gallery-10-full_tcm-3016-2070890.jpg,00:00:10,01:00:00,1/1/18 0:00,12/31/30 23:59,yes
Exhibit13,https://t1-cms-4.images.toyota-europe.com/toyotaone/sesv/toyota-gr-yaris-2020-gallery-11-full_tcm-3016-2070894.jpg,00:00:10,01:00:00,1/1/18 0:00,12/31/30 23:59,yes
